Study abroad in bachelor year 3,Unnamed: 1
Ways of studying abroad,"Exchange studies
Double degree or double master
Degree projects and internships
Field studies grant
Global Development Hub
Short mobilities and summer schools. Unite! and partner universities"
,"Can be quite complicated (different academic year, systems, lack of information)
No tuition fees
No extended study period
-> KTH wants more students to go abroad"
When?,"Bachelor programmes: semester 5
Master of Science in Engineering (civilingenjör) during year 4 or autumn semester year 5
Master of Science students: autumn semester year 2
Your exchange semester is 30 ECTS - full time
Degree project (no placement, still registered and graded at KTH)"
Economy,"No tuition fees, may have fees for visas or insurance
You can keep study funds from CSN and apply for increased loans to cover additional costs
Within Europe: Erasmus scholarship, Green travel grant
Outside Europe: limited scholarship, travel grant application

e.g. University of Illinois Urbana-Champaign
$1200 in insurance and other students fees, some Swedes managed to opt out of $800 with Kammarkollegiet but not everyone
4000 kr in visa cost"
Nomination and preparation,"Places allocated on: average grades, eligibility (Have as many elective points as possible for exchange)
After (hopefully) receiving a spot: Study plan and make final course selection, officially apply to the exchange university"
Course choose,"Clear days around the weekend
Choose courses that don't have attendance or attendance you can plan around
Choose course you would enjoy/that you won't struggle with"
