Group,Concept,Description
,Livskriterier,"Cellbestående (Minsta levande)
Ordning (Åtskiljande, energikostande)
Ämnesomsättning (Solenergi eller äta andra organismer)
Reaktion
Tillväxt och utveckling
Förökning = Reproduktion
Evolution (Undantag för virus och mulåsnan)"
,Kemisk evolution,"Havet, kosmisk
Millers experiment Aminosyror, nukleotider och lipider -> Proteiner
Varma källor, Rymden (meteoritnedslag), Berggrunden"
,Livets process,"Liv (4.7e9 år)
Livet uppkomst (4e9 år (17 Feb))
Havsliv (3.7e9 år)
Fotosyntes (3.5e9 år (21 Mar))
Syrehalten (2.5e9 år (23 Jun))
Syrekatastrofen (2.3e9 år)
Cell med cellkärna (2e9 år (26 Jul))
Flercelliga alger (1.3e9 år (19 Sep))
Flercelliga djur (4.8e8 år (15 Nov))
Ryggradsdjur (Land) ((31 Nov))
Dinosaurier ((13 Dec))
Dinosaurier dog ut ((24 Dec))
Apor ((28 dec))
Moderna människa (2e5 år (31 Dec 11:35 PM))
Jordbruk ((31 Dec 11:59:11 PM))
Industriella revuolution (2e2 år)"
