_,MAS(u),ELE,MLt,BLT,ELA,1IZ(kJ/mol),RAD(Cal),RAD(Emp),HAR(Brinell),DEN(STP),DEN(Liquid),TCO,ECO,SPH,VAH,FUH,COF,Description
1H,1.008,2.2,-259.1,-252.9,72.8,1312.0,53,25,-,0.0899,-,0.1805,-,14300,0.452,0.558,1s1,
2He,4.002602,-,-,-269.0,0,2372.3,31,-,-,0.1785,-,0.1513,-,5193.1,0.083,0.02,1s2,
3Li,6.94,0.98,180.54,1342.0,59.6,520.2,167,145,-,535,512,85,11,3570,147.0,3.0,1s2.2s1,
4Be,9.012183,1.57,1287,2470.0,0,899.5,112,105,600,1848,1690,190,25,1820,297.0,7.95,1s2.2s2,
5B,10.81,2.04,2075,4000.0,26.7,800.6,87,85,-,2460,2080,27,1e-10,1030,507.0,50.0,2s2.2p1,
6C,12.011,2.55,3642,3642.0,153.9,1086.5,67,70,-,2260,-,140,0.1,710,715.0,105.0,2s2.2p2,"Bränsle, levande byggsten
Armoft kol (Luftrening), Grafit (Blyertspennor), Diamant (Hårdaste material), Fulleren (C-60), Nanorör"
7N,14.007,3.04,-210.1,-195.8,7,1402.3,56,65,-,1.251,-,0.02583,-,1040,2.79,0.36,2s2.2p3,"Kylmedel, Konstgödsel, Läkemedel"
8O,15.999,3.44,-218,-183.0,141,1313.9,48,60,-,1.429,-,0.02658,-,919,3.41,0.222,2s2.2p4,"Andning, Eld, Medikal syrgas
Ståltillverkning, Pappersblekning, Svetsning
O3: Giftig(lungor skadas) Absorberar skadlig UV"
9F,18.9984,3.98,-220,-188.1,328,1681.0,42,50,-,1.696,-,0.0277,-,824,3.27,0.26,2s2.2p5,
10Ne,20.1797,-,-248.6,-246.1,0,2080.7,38,-,-,0.9,-,0.0491,-,1030,1.75,0.34,2s2.2p6,"Reklamskyltar, Bildskärmar"
11Na,22.98977,0.93,97.72,882.9,52.8,495.8,190,180,0.69,968,927,140,21,1230,97.7,2.6,2p6.3s1,
12Mg,24.305,1.31,650,1090.0,0,737.7,145,150,260,1738,1584,160,23,1020,128.0,8.7,2p6.3s2,
13Al,26.98154,1.61,660.32,2519.0,42.5,577.5,118,125,245,2700,2375,235,38,904,293.0,10.7,3s2.3p1,
14Si,28.085,1.9,1414,2900.0,133.6,786.5,111,110,-,2330,2570,150,0.001,710,359.0,50.2,3s2.3p2,
15P,30.97376,2.19,44.15,280.5,72,1011.8,98,100,-,1823,-,0.236,10,769.7,12.4,0.64,3s2.3p3,
16S,32.06,2.58,115.21,444.72,200,999.6,88,100,-,1960,1819,0.205,1e-21,705,9.8,1.73,3s2.3p4,Vapen/Krut
17Cl,35.45,3.16,-101.5,-34.04,349,1251.2,79,100,-,3.214,-,0.0089,1e-08,478.2,10.2,3.2,3s2.3p5,Giftig Stridsgas/Vattenrening
18Ar,39.948,-,-189,-186.0,0,1520.6,71,71,-,1.784,-,0.01772,-,520.33,6.5,1.18,3s2.3p6,
19K,39.0983,0.82,63.38,758.9,48.4,418.8,243,220,0.363,856,828,100,14,757,76.9,2.33,3p6.4s1,
20Ca,40.078,1,841.9,1484.0,2.37,589.8,194,180,167,1550,1378,200,29,631,155.0,8.54,3p6.4s2,
21Sc,44.95591,1.36,1541,2830.0,18.1,633.1,184,160,750,2985,2800,16,1.8,567,318.0,16.0,4s2.3d1,
22Ti,47.867,1.54,1668,3287.0,7.6,658.8,176,140,716,4507,4110,22,2.5,520,425.0,18.7,4s2.3d2,
23V,50.9415,1.63,1910,3407.0,50.6,650.9,171,135,628,6110,5500,31,5,489,453.0,22.8,4s2.3d3,
24Cr,51.9961,1.66,1907,2671.0,64.3,652.9,166,140,1120,7190,6300,94,7.9,448,339.0,20.5,4s1.3d5,
25Mn,54.93804,1.55,1246,2061.0,0,717.3,161,140,196,7470,5950,7.8,0.62,479,220.0,13.2,4s2.3d5,
26Fe,55.845,1.83,1538,2861.0,15.7,762.5,156,140,490,7874,6980,80,10,449,347.0,13.8,4s2.3d6,
27Co,58.93319,1.88,1495,2900.0,63.7,760.4,152,135,700,8900,7750,100,17,421,375.0,16.2,4s2.3d7,
28Ni,58.6934,1.91,1455,2913.0,112,737.1,149,135,700,8908,7810,91,14,445,378.0,17.2,4s2.3d8,
29Co,63.546,1.9,1084.62,2562.0,118.4,745.5,145,135,874,8960,8020,400,59,384.4,300.0,13.1,4s1.3d10,
30Zn,65.38,1.65,419.53,906.9,0,906.4,142,135,412,7140,6570,120,17,388,119.0,7.35,4s2.3d10,
31Ga,69.723,1.81,29.76,2204.0,28.9,578.8,136,130,60,5904,6095,29,7.1,371,256.0,5.59,3d10.4p1,
32Ge,72.63,2.01,938.25,2820.0,119,762.0,125,125,-,5323,5600,60,0.002,321.4,334.0,31.8,3d10.4p2,
33As,74.9216,2.18,816.9,614.0,78,947.0,114,115,1440,5727,5220,50,3.3,328,32.4,27.7,3d10.4p3,
34Se,78.971,2.55,221,685.0,195,941.0,103,115,736,4819,3990,0.52,-,321.2,26.0,5.4,3d10-4p4,
35Br,79.904,2.96,-7.35,58.9,324.6,1139.9,94,115,-,3120,3120,0.12,1e-16,947.3,14.8,5.8,3d10.4p5,
36Kr,83.798,3,-157.36,-153.22,0,1350.8,88,-,-,3.75,-,0.00943,-,248.05,9.02,1.64,3d10.4p6,
37Ru,85.4678,0.82,39.31,688.0,46.9,403.0,265,235,0.216,1532,1460,58,8.3,364,72.0,2.19,4p6.5s1,
38Sr,87.62,0.95,776.9,1382.0,5.03,549.5,219,200,-,2630,2375,35,7.7,300,137.0,8.0,4p6.5s2,
39Y,88.90584,1.22,1526,3345.0,29.6,600.0,212,180,589,4472,4240,17,1.8,298,380.0,11.4,5s2.4d1,
40Zr,91.224,1.33,1855,4409.0,41.1,640.1,206,155,650,6511,5800,23,2.4,278,580.0,21.0,5s2.4d2,
41Nb,92.90637,1.6,2477,4744.0,86.1,652.1,198,145,736,8570,-,54,6.7,265,690.0,26.8,5s1.4d4,
42Mo,95.95,2.16,2623,4639.0,71.9,684.3,190,145,1500,10280,9330,139,20,251,600.0,36.0,5s1.4d5,
43Tc,98.0,1.9,2157,4265.0,53,702.0,183,135,-,11500,-,51,5,63,550.0,23.0,5s2.4d5,
44Ru,101.07,2.2,2334,4150.0,101.3,710.2,178,130,2160,12370,10650,120,14,238,580.0,25.7,5s1.4d7,
45Rh,102.9055,2.28,1964,3695.0,109.7,719.7,173,135,1100,12450,10700,150,23,240,495.0,21.7,5s1.4d8,
46Pd,106.42,2.2,1554.9,2963.0,53.7,804.4,169,140,37.3,12023,10380,72,10,240,380.0,16.7,4p6.4d10,
47Ag,107.8682,1.93,961.78,2162.0,125.6,731.0,165,160,24.5,10490,9320,430,62,235,255.0,11.3,5s1.4d10,
48Cd,112.414,1.69,321.07,766.9,0,867.8,161,155,203,8650,7996,97,14,230,100.0,6.3,5s2.4d10,
49In,114.818,1.78,156.6,2072.0,28.9,558.3,156,155,8.83,7310,7020,82,12,233,230.0,3.26,4d10.5p1,
50Sn,118.71,1.96,231.93,2602.0,107.3,708.6,145,145,51,7310,6990,67,9.1,217,290.0,7.0,4d10.5p2,
51Sb,121.76,2.05,630.63,1587.0,103.2,834.0,133,145,294,6697,6530,24,2.5,207,68.0,19.7,4d10.5p3,
52Te,127.6,2.1,449.51,987.9,190.2,869.3,123,140,180,6240,5700,3,0.01,201,48.0,17.5,4d10.5p4,
53I,126.9045,2.66,113.7,184.3,295.2,1008.4,115,140,-,4940,-,0.449,1e-13,429,20.9,7.76,4d10.5p5,
54Xe,131.293,2.6,-111.8,-108.0,0,1170.4,108,-,-,5.9,-,0.00565,-,158.32,12.64,2.3,4d10.5p6,"Bilstrålkastare, Bildskärmar"
55Cs,132.9055,0.79,28.44,671.0,45.5,375.7,298,260,0.14,1879,1843,36,5,242,65.0,2.09,5p6.6s1,
56Ba,137.327,0.89,730,1870.0,13.95,502.9,253,215,-,3510,3338,18,2.9,205,140.0,8.0,5p6.6s2,
57La,138.9055,1.1,919.9,3464.0,48,538.1,-,195,363,6146,5940,13,1.6,195,400.0,6.2,6s2.5d1,
58Ce,140.116,1.12,797.9,3360.0,50,534.4,-,185,412,6689,6550,11,1.4,192,350.0,5.5,4f1.5d1,
59Pr,140.9077,1.13,930.9,3290.0,50,527.0,247,185,481,6640,6500,13,1.4,193,330.0,6.9,6s2.4f3,
60Nd,144.242,1.14,1021,3100.0,50,533.1,206,185,265,7010,6890,17,1.6,190,285.0,7.1,6s2.4f4,
61Pm,145.0,-,1100,3000.0,50,540.0,205,185,-,7264,-,15,1.3,-,290.0,7.7,6s2.4f5,
62Sm,150.36,1.17,1072,1803.0,50,544.5,238,185,441,7353,7160,13,1.1,196,175.0,8.6,6s2.4f6,
63Eu,151.964,-,821.9,1500.0,50,547.1,231,185,-,5244,5130,14,1.1,182,175.0,9.2,6s2.4f7,
64Gd,157.25,1.2,1313,3250.0,50,593.4,233,180,-,7901,7400,11,0.77,240,305.0,10.0,4f7.5d1,
65Tb,158.9254,-,1356,3230.0,50,565.8,225,175,677,8219,7650,11,0.83,182,295.0,10.8,6s2.4f9,
66Dy,162.5,1.22,1412,2567.0,50,573.0,228,175,500,8551,8370,11,1.1,167,280.0,11.1,6s2.4f10,
67Ho,164.9303,1.23,1474,2700.0,50,581.0,226,175,746,8795,8340,16,1.1,165,265.0,17.0,6s2.4f11,
68Er,167.259,1.24,1497,2868.0,50,589.3,226,175,814,9066,8860,15,1.2,168,285.0,19.9,6s2.4f12,
69Tm,168.9342,1.25,1545,1950.0,50,596.7,222,175,471,9320,8560,17,1.4,160,250.0,16.8,6s2.4f13,
70Yb,173.045,-,818.9,1196.0,50,603.4,222,175,343,6570,6210,39,3.6,154,160.0,7.7,6s2.4f14,
71Lu,174.9668,1.27,1663,3402.0,50,523.5,217,175,893,9841,9300,16,1.8,154,415.0,22.0,4f14.5d1,
72Hf,178.486,1.3,2233,4603.0,0,658.5,208,155,1700,13310,12000,23,3.3,144,630.0,25.5,4f14.5d2,
73Ta,180.9479,1.5,3017,5458.0,31,761.0,200,145,800,16650,15000,57,7.7,140,735.0,36.0,4f14.5d3,
74W,183.84,2.36,3422,5555.0,78.6,770.0,193,135,2570,19250,17600,170,20,132,800.0,35.0,4f14.5d4,
75Re,186.207,1.9,3186,5596.0,14.5,760.0,188,135,1320,21020,18900,48,5.6,137,705.0,33.0,4f14.5d5,
76Os,190.23,2.2,3033,5012.0,106.1,840.0,185,130,3920,22590,20000,88,12,130,630.0,31.0,4f14.5d6,
77Ir,192.217,2.2,2466,4428.0,151,880.0,180,135,1670,22560,19000,150,21,131,560.0,26.0,4f14.5d7,
78Pt,195.084,2.28,1768.3,3825.0,205.3,870.0,177,135,392,21450,19770,72,9.4,133,490.0,20.0,4f14.5d9,
79Au,196.9666,2.54,1064.18,2856.0,222.8,890.1,174,135,25,19300,17310,320,45,129.1,330.0,12.5,4f14.5d10,
80Hg,200.59,2,-38.83,356.73,0,1007.1,171,150,-,13534,13534,8.3,1,139.5,59.2,2.29,4f14.5d10,
81Tl,204.38,1.62,304,1473.0,19.2,589.4,156,190,26.4,11850,11220,46,6.7,129,165.0,4.2,5d10.6p1,
82Pb,207.2,2.33,327.46,1749.0,35.1,715.6,154,180,38.3,11340,10660,35,4.8,127,178.0,4.77,5d10.6p2,
83Bi,208.9804,2.02,271.3,1564.0,91.2,703.0,143,160,94.2,9780,10050,8,0.77,122,160.0,10.9,5d10.6p3,
84Po,209.0,2,255,961.9,183.3,812.1,135,190,-,9196,-,-,2.3,-,100.0,13.0,5d10.6p4,
85At,210.0,2.2,302,350.0,270.1,890.0,127,-,-,-,-,2,-,-,40.0,6.0,5d10.6p5,
86Rn,222.0,-,-71.1,-61.85,0,1037.0,120,-,-,9.73,-,0.00361,-,93.65,17.0,3.0,5d10.6p6,"Markradon, byggradon, Radioaktiv, orsakar lungcancer"
87Fr,223.0,0.7,20.9,650.0,-,380.0,-,-,-,-,-,-,-,-,65.0,2.0,6p6.7s1,
88Ra,226.0,0.9,700,1737.0,-,509.3,-,215,-,5000,-,19,1,92,125.0,8.0,6p6.7s2,
