Unnamed: 0,"Categories of an Object’s Methods:
  Accessors (Inspectors) – methods that retrieve information from the object, Include getters
  Mutators – methods that modify the object’s state, , Include setters
  Combinators – methods that combine this object with others to produce a result, Does not modify current object
  Comparators – methods that compare objects (e.g., equals, compareTo)
  Predicates – methods that test a condition and return a Boolean (isDigit...)
  Transformers (Converters) – methods that produce a transformed version of the object or its data (toString)"
,"Procedural programming is about writing procedures or methods that perform operations on the data, while object-oriented programming is about creating objects that contain both data and methods.
Advantages:
OOP is faster and easier to execute
OOP provides a clear structure for the programs
OOP helps to keep the Java code DRY ""Don't Repeat Yourself"", and makes the code easier to maintain, modify and debug
OOP makes it possible to create full reusable applications with less code and shorter development time"
